{
  "thăc_mắc": {
    "precision": 1.0,
    "recall": 0.968503937007874,
    "f1-score": 0.9839999999999999,
    "support": 127,
    "confused_with": {
      "không_trả": 3,
      "trả": 1
    }
  },
  "trả": {
    "precision": 0.9946808510638298,
    "recall": 1.0,
    "f1-score": 0.9973333333333333,
    "support": 187,
    "confused_with": {}
  },
  "goodbye": {
    "precision": 1.0,
    "recall": 1.0,
    "f1-score": 1.0,
    "support": 9,
    "confused_with": {}
  },
  "xác_nhận_đúng": {
    "precision": 1.0,
    "recall": 1.0,
    "f1-score": 1.0,
    "support": 127,
    "confused_with": {}
  },
  "greet": {
    "precision": 1.0,
    "recall": 1.0,
    "f1-score": 1.0,
    "support": 12,
    "confused_with": {}
  },
  "kh_đã_mất": {
    "precision": 1.0,
    "recall": 1.0,
    "f1-score": 1.0,
    "support": 92,
    "confused_with": {}
  },
  "thái_độ": {
    "precision": 0.9906542056074766,
    "recall": 1.0,
    "f1-score": 0.9953051643192489,
    "support": 106,
    "confused_with": {}
  },
  "không_thể_gặp_kh": {
    "precision": 1.0,
    "recall": 1.0,
    "f1-score": 1.0,
    "support": 70,
    "confused_with": {}
  },
  "xác_nhận_sai": {
    "precision": 1.0,
    "recall": 0.9906542056074766,
    "f1-score": 0.9953051643192489,
    "support": 107,
    "confused_with": {
      "thái_độ": 1
    }
  },
  "không_trả": {
    "precision": 0.976,
    "recall": 1.0,
    "f1-score": 0.9878542510121457,
    "support": 122,
    "confused_with": {}
  },
  "đã_thanh_toán": {
    "precision": 1.0,
    "recall": 1.0,
    "f1-score": 1.0,
    "support": 74,
    "confused_with": {}
  },
  "bận": {
    "precision": 1.0,
    "recall": 1.0,
    "f1-score": 1.0,
    "support": 45,
    "confused_with": {}
  },
  "có_thể_gặp_kh": {
    "precision": 1.0,
    "recall": 1.0,
    "f1-score": 1.0,
    "support": 66,
    "confused_with": {}
  },
  "accuracy": 0.9956293706293706,
  "macro avg": {
    "precision": 0.9970257735901005,
    "recall": 0.9968583186627193,
    "f1-score": 0.9969075317679982,
    "support": 1144
  },
  "weighted avg": {
    "precision": 0.9957051266987139,
    "recall": 0.9956293706293706,
    "f1-score": 0.9956184894727403,
    "support": 1144
  },
  "micro avg": {
    "precision": 0.9956293706293706,
    "recall": 0.9956293706293706,
    "f1-score": 0.9956293706293706,
    "support": 1144
  }
}