{
  "FAQ_Quy trình gọi": {
    "precision": 0.5465116279069767,
    "recall": 0.6861313868613139,
    "f1-score": 0.6084142394822007,
    "support": 137,
    "confused_with": {
      "Đồng ý": 11,
      "default_fallback_intent": 7
    }
  },
  "Đã thanh toán khoản vay": {
    "precision": 0.756198347107438,
    "recall": 0.8268072289156626,
    "f1-score": 0.7899280575539568,
    "support": 664,
    "confused_with": {
      "Hứa thanh toán có ngày": 39,
      "default_fallback_intent": 22
    }
  },
  "tre_luong": {
    "precision": 0.5507246376811594,
    "recall": 0.9047619047619048,
    "f1-score": 0.6846846846846846,
    "support": 42,
    "confused_with": {
      "default_fallback_intent": 2,
      "Hứa thanh toán có ngày": 2
    }
  },
  "FAQ_Hỏi ngày đến hạn": {
    "precision": 0.6274509803921569,
    "recall": 0.5714285714285714,
    "f1-score": 0.5981308411214953,
    "support": 56,
    "confused_with": {
      "Hứa thanh toán có ngày": 12,
      "Đồng ý thanh toán": 4
    }
  },
  "faq_hoi_kenh_thanh_toan": {
    "precision": 0.7314814814814815,
    "recall": 0.6171875,
    "f1-score": 0.6694915254237289,
    "support": 128,
    "confused_with": {
      "Đã thanh toán khoản vay": 14,
      "default_fallback_intent": 13
    }
  },
  "FAQ_Hỏi thông tin người gọi đến": {
    "precision": 0.6290322580645161,
    "recall": 0.78,
    "f1-score": 0.6964285714285714,
    "support": 50,
    "confused_with": {
      "Đồng ý thanh toán": 3,
      "default_fallback_intent": 2
    }
  },
  "Thái độ người nghe không tốt": {
    "precision": 0.35714285714285715,
    "recall": 0.7142857142857143,
    "f1-score": 0.4761904761904762,
    "support": 14,
    "confused_with": {
      "FAQ_Quy trình gọi": 2,
      "Đồng ý": 1
    }
  },
  "nguoi_than_nghe_may": {
    "precision": 0.5970149253731343,
    "recall": 0.34782608695652173,
    "f1-score": 0.43956043956043955,
    "support": 115,
    "confused_with": {
      "default_fallback_intent": 21,
      "Đồng ý thanh toán": 8
    }
  },
  "Hứa thanh toán có ngày": {
    "precision": 0.7297297297297297,
    "recall": 0.7767123287671233,
    "f1-score": 0.7524883875248839,
    "support": 730,
    "confused_with": {
      "Đã thanh toán khoản vay": 37,
      "default_fallback_intent": 26
    }
  },
  "thanh_toan_mot_phan": {
    "precision": 0.0,
    "recall": 0.0,
    "f1-score": 0.0,
    "support": 2,
    "confused_with": {
      "Từ chối vì thắc mắc thông tin khoản vay": 1,
      "Từ chối vì chưa nhận khoản vay": 1
    }
  },
  "Bận_Công tác_Đám cưới_ma": {
    "precision": 0.75,
    "recall": 0.7228915662650602,
    "f1-score": 0.7361963190184048,
    "support": 166,
    "confused_with": {
      "default_fallback_intent": 13,
      "Hứa thanh toán có ngày": 8
    }
  },
  "FAQ_Kỳ thanh toán": {
    "precision": 0.0,
    "recall": 0.0,
    "f1-score": 0.0,
    "support": 2,
    "confused_with": {
      "FAQ_KH muốn hỏi thông tin": 2
    }
  },
  "FAQ_Không nghe rõ": {
    "precision": 0.5641025641025641,
    "recall": 0.6875,
    "f1-score": 0.619718309859155,
    "support": 64,
    "confused_with": {
      "Khách hàng phản hồi": 12,
      "default_fallback_intent": 3
    }
  },
  "Từ chối vì thắc mắc thông tin khoản vay": {
    "precision": 0.5939086294416244,
    "recall": 0.6724137931034483,
    "f1-score": 0.6307277628032345,
    "support": 174,
    "confused_with": {
      "default_fallback_intent": 17,
      "Đã thanh toán khoản vay": 10
    }
  },
  "Hết tiền_khó khăn tài chính": {
    "precision": 0.625,
    "recall": 0.625,
    "f1-score": 0.625,
    "support": 40,
    "confused_with": {
      "Hứa thanh toán có ngày": 6,
      "tre_luong": 3
    }
  },
  "khach_hang_mat": {
    "precision": 0.75,
    "recall": 0.5,
    "f1-score": 0.6,
    "support": 6,
    "confused_with": {
      "Đồng ý": 2,
      "default_fallback_intent": 1
    }
  },
  "Từ chối thanh toán trước hạn": {
    "precision": 0.4262295081967213,
    "recall": 0.4406779661016949,
    "f1-score": 0.4333333333333333,
    "support": 59,
    "confused_with": {
      "Hứa thanh toán có ngày": 9,
      "Đồng ý thanh toán": 6
    }
  },
  "thanh_toan_tre": {
    "precision": 0.36363636363636365,
    "recall": 0.6,
    "f1-score": 0.4528301886792453,
    "support": 20,
    "confused_with": {
      "default_fallback_intent": 3,
      "Đã thanh toán khoản vay": 2
    }
  },
  "FAQ_Số tiền_Sản phẩm": {
    "precision": 0.5771812080536913,
    "recall": 0.6825396825396826,
    "f1-score": 0.6254545454545455,
    "support": 126,
    "confused_with": {
      "default_fallback_intent": 15,
      "FAQ_KH muốn hỏi thông tin": 5
    }
  },
  "khong_dong_y": {
    "precision": 0.6055045871559633,
    "recall": 0.673469387755102,
    "f1-score": 0.6376811594202899,
    "support": 98,
    "confused_with": {
      "default_fallback_intent": 14,
      "Khách hàng phản hồi": 4
    }
  },
  "Đồng ý": {
    "precision": 0.7705817782656421,
    "recall": 0.8988476312419974,
    "f1-score": 0.8297872340425532,
    "support": 781,
    "confused_with": {
      "Khách hàng phản hồi": 17,
      "default_fallback_intent": 15
    }
  },
  "FAQ_Hỏi thứ_ngày_tháng": {
    "precision": 0.3469387755102041,
    "recall": 0.8947368421052632,
    "f1-score": 0.5,
    "support": 19,
    "confused_with": {
      "Đồng ý": 1,
      "Đã thanh toán khoản vay": 1
    }
  },
  "Khách hàng phản hồi": {
    "precision": 0.8533501896333755,
    "recall": 0.7180851063829787,
    "f1-score": 0.779896013864818,
    "support": 940,
    "confused_with": {
      "Đồng ý": 111,
      "default_fallback_intent": 57
    }
  },
  "faq_yeu_cau_gui_ma_hop_dong": {
    "precision": 0.4,
    "recall": 0.7777777777777778,
    "f1-score": 0.5283018867924528,
    "support": 18,
    "confused_with": {
      "khong_dong_y": 1,
      "default_fallback_intent": 1
    }
  },
  "FAQ_KH muốn hỏi thông tin": {
    "precision": 0.6475095785440613,
    "recall": 0.6983471074380165,
    "f1-score": 0.6719681908548708,
    "support": 242,
    "confused_with": {
      "default_fallback_intent": 11,
      "Khách hàng phản hồi": 9
    }
  },
  "default_fallback_intent": {
    "precision": 0.5460526315789473,
    "recall": 0.3472803347280335,
    "f1-score": 0.42455242966751916,
    "support": 956,
    "confused_with": {
      "Hứa thanh toán có ngày": 84,
      "Đồng ý thanh toán": 63
    }
  },
  "faq_chua_nhan_duoc_tin_nhan": {
    "precision": 0.7727272727272727,
    "recall": 0.4857142857142857,
    "f1-score": 0.5964912280701754,
    "support": 35,
    "confused_with": {
      "Đồng ý thanh toán": 3,
      "faq_yeu_cau_gui_ma_hop_dong": 3
    }
  },
  "faq_lai_suat": {
    "precision": 0.0,
    "recall": 0.0,
    "f1-score": 0.0,
    "support": 1,
    "confused_with": {
      "default_fallback_intent": 1
    }
  },
  "Tất toán khoản vay": {
    "precision": 0.4117647058823529,
    "recall": 0.4666666666666667,
    "f1-score": 0.43749999999999994,
    "support": 15,
    "confused_with": {
      "default_fallback_intent": 2,
      "Khách hàng phản hồi": 2
    }
  },
  "Từ chối vì chưa nhận khoản vay": {
    "precision": 0.696969696969697,
    "recall": 0.7419354838709677,
    "f1-score": 0.71875,
    "support": 31,
    "confused_with": {
      "default_fallback_intent": 3,
      "Từ chối vì thắc mắc thông tin khoản vay": 2
    }
  },
  "tu_choi_khong_ly_do": {
    "precision": 0.25,
    "recall": 0.36363636363636365,
    "f1-score": 0.2962962962962963,
    "support": 11,
    "confused_with": {
      "Đã thanh toán khoản vay": 4,
      "khong_dong_y": 1
    }
  },
  "mat_viec_that_nghiep_lam_an_thua_lo": {
    "precision": 0.3333333333333333,
    "recall": 1.0,
    "f1-score": 0.5,
    "support": 1,
    "confused_with": {}
  },
  "Đồng ý thanh toán": {
    "precision": 0.46984126984126984,
    "recall": 0.6577777777777778,
    "f1-score": 0.5481481481481482,
    "support": 225,
    "confused_with": {
      "Đã thanh toán khoản vay": 19,
      "default_fallback_intent": 17
    }
  },